{"x_train_mean": 159.7337278778968, "x_train_std": 46.497434212196346}